id,title,body,rating,version,updatedAt
14412891541,amazing!!!,"really good. helped motivate me and kept the workouts easy, fun, and productive. i just wish there were more free courses, or the option to watch an add to use all of the courses that are premium.",4,8.4.29,2026-08-11T00:00:00.000Z
14411802642,Impossible to exit ads,"Even after you watch the 90 second ads, there’s no way to get out of it and proceed to the app. Total waste of time.",1,8.5.0,2026-08-10T00:00:00.000Z
14408658475,"Used to be free, not anymore","I used to love this app for daily, quick workouts, but they recently changed it so you are unable to use it for free. Very disappointed in the changes this app has had, lots of AI use for their workouts as well. Sad to see this app go downhill.",1,8.4.29,2026-08-10T00:00:00.000Z
14401657445,Abs,I didn’t feel anything on my stomach where I’m supposed to get abs,4,8.4.29,2026-08-08T00:00:00.000Z
14397715067,"disappointed, hidden charges and app quality has gone downhill","This app has become a money grab. I have used this app for a long time, but the current version is extremely disappointing. The biggest issue is the subscription trap. I signed up for a trial expecting a trial experience, but I was charged afterward without a clear enough reminder. I have reported this to Apple because this kind of payment experience is not acceptable. What makes it worse is that the app itself is getting worse every year. The workouts are outdated, repetitive, and lack creativity. It feels like the team is recycling old content instead of creating new and useful fitness programs. For a paid fitness app, the lack of fresh content is unacceptable. I also noticed that critical reviews disappear, which makes me question how much the company values honest user feedback. This app used to have potential, but now it feels like the priority is getting subscriptions rather than delivering a quality fitness experience. Save your money and look for a better fitness app.",1,8.4.29,2026-08-07T00:00:00.000Z
14395044140,Do not buy,"I downloaded this app, thinking it would be different from all the other Workout apps that I used in the past, but that is not the case the questionnaire is the exact same from all the other Workout apps that I’ve downloaded.",1,8.4.29,2026-08-06T00:00:00.000Z
14386691397,I enjoyed this app,This app made me feel the burn and so far it’s been great,4,8.4.29,2026-08-04T00:00:00.000Z
14381025970,Is forcing me out of the free option,"I’ve been using this app for years for free and recently they’ve refused to let me work out using their app unless I pay, saying I’ve used my limit, which is absolutely ridiculous",1,8.4.28,2026-08-03T00:00:00.000Z
14373055910,AMAZING,✨You better get it now✨,5,8.4.28,2026-08-01T00:00:00.000Z
14367493057,Not worth it anymore. I’m disappointed.,"I used to use this app alllll the time in 2020 I recently decided I wanted to use it again, but it’s not the same at ALL. It’s all AI slip and you have to pay. It used to be free and easy to use and so helpful and effective. Now it’s useless. I wouldn’t recommend getting this app at all.",1,8.4.28,2026-07-30T00:00:00.000Z
14366900095,Military workout,I would like a longer interval time but overall I loved my first workout!,5,8.4.28,2026-07-30T00:00:00.000Z
14366479265,Not as Good as it Used To Be,"I’ve been using this app on and off for a few years. I’ve always felt it was worth the money, and could feel soreness the next day where the daily workout would target. However, since the app remodel, the daily workout seems so inconsistent. It has me doing legs every single day, I’m 10 days in, and I’ve never done arms. I have to keep resetting the Plan Settings because they keep changing or defaulting without notice. It’s frustrating because I loved the app back then, but it just doesn’t work for me now.",3,8.4.28,2026-07-30T00:00:00.000Z
14365412685,False advertising,Stop putting stuff under free thats not free if I wanted to pay for it I would get a personal trainer,1,8.4.28,2026-07-30T00:00:00.000Z
14364512490,Good workout app for woman,"I think this is one of the best workout apps, It has really good plans and you do not have to pay and great if you want to get in shape if you are a mom or someone who works at home I 100% recommend.",5,8.4.28,2026-07-30T00:00:00.000Z
14364018861,BEST WORKOUT FITNESS APP FOR WOMEN THAT IVE EVER EXPERIENCED (WOULD RECOMMEND),This app is (THE BEST) in my opinion and so far I’ve felt refreshed and proud of myself and the experience was amazing. (Again would highly recommend),5,8.4.28,2026-07-29T00:00:00.000Z
14363613368,Love this app,Love that fact I can do it any where and is diferente routine every time never dull,5,8.4.28,2026-07-29T00:00:00.000Z
14360927559,Workout for women home and gym,Great app can already feel it working within just two days,5,8.4.28,2026-07-29T00:00:00.000Z
14359950060,"Used all the time, now I’ve deleted it","I used to love workout women, before they were bought out. I’d use the free workouts every time, when it was real women avatars during the workouts and not some cheesy AI mockups showing unrealistic images for the different kinds of workouts. (Like a tiny waist and big butt) like whattt? It NEVER used to be like this! You can miss me with this lousy marketing makeover design that looks SO fake. It’s literally all AI. I’m so sad to see the original company/developer is no longer in charge of this app bc I used it all the time plus everything is behind some sketchy paywall. Cheap and cheesy (weird ads too, not even like normal ones you would usually see) third tier developer has made it so horrible and unable to use and most of all FAKE AI women used everywhere.",1,8.4.28,2026-07-28T00:00:00.000Z
14357059177,Aa,Love this app so so muchhhh,5,8.4.28,2026-07-28T00:00:00.000Z
14354823157,Short. Sweet. To the point,I love that each exercise is only 30-45 seconds. I can do (almost) anything for 30-45 seconds!,5,8.4.28,2026-07-27T00:00:00.000Z
14353095830,Injury,Overall a great app however if I select to avoid knees why does it still have lots of squats and lunges. I have to just skip over those workouts and I would like if it was actually tailored to me like it says.,3,8.4.28,2026-07-27T00:00:00.000Z
14344823980,Workout for women,Feels great it’s like we get this whole thing to ourselves to work and make ourselves sleep better for ourselves,5,8.4.28,2026-07-25T00:00:00.000Z
14343192193,Good workouts,This is a great at-home workout with lots of variety and great instructions. I do miss working out with others but this is great when you need to get in a workout on your own time.,5,8.4.26,2026-07-24T00:00:00.000Z
14342854364,Handling of issues is poor,Workout part was fine BUT Wanting to cancel my year long payment from renewing but unable to figure out how. The app doesn’t have an account with my email and when I tried asking their customer support it doesn’t submit my question because it’s flagged for likely to be spam?? Very frustrating,2,8.4.28,2026-07-24T00:00:00.000Z
14334995806,Horrible,I have used this app for YEARS. I loved it due to it being free and also easy but now everything is behind a paywall. I can’t even use basic workouts I used to do for free anymore. This is upsetting to know how much things have changed to where everything needs to be behind a paywall.,1,8.4.28,2026-07-22T00:00:00.000Z
14334052046,Review,10000/10 All exercises are not impossible to do…and they are also very effective,5,8.4.26,2026-07-22T00:00:00.000Z
14330714176,Love this app!,"This is my second year with this app. It has everything from face yoga to military style workouts. Customized or ladies choice. I am truly not a gym enthusiast, by the time I get ready, drive to the gym etc I have already had a workout at home. The cost is more than fair as well, basically a year subscription for the cost of one month at the gym, in my area (Boston). I mirror it to my TV and bounce around my living room lol and it works! So happy with the results and grateful to the developers for an app that does what it promised.",5,8.4.28,2026-07-21T00:00:00.000Z
14330268991,Toxic Fitness Culture,"Good app overall for daily fitness training. I just have a few thoughts. I feel this app is objectifying women’s bodies rather than focusing on heath or strength. Plays into toxic fitness culture and manipulative marketing. When you first get started by choosing your “body type” and “goals” the imagery of the women is unreal. Cartoonish women that are busty, skinny waist, wide hips. Not how real women look. And then when you answer the motivational prompts, they ask like “do you want to get fit?” And u click yes. But then they ask you “do you want to be attractive?” This is not a motivational question to lift women up. A much better question would be “do you want to feel strong?” Or something like it. Very disappointed by this.",3,8.4.28,2026-07-21T00:00:00.000Z
14329131554,Not free,I downloaded it for at least 7 days free but at day 3 it doesn’t work and ask for the payment ….after I rate yesterday for it today it doesn’t work It’s bad,5,8.4.28,2026-07-21T00:00:00.000Z
14328378845,Mama Bear,"Mom of 6, wanting to get into shape. I love the options. My favorite right now is the dumbbell workout! I’m sweating and feeling the burn! Perfect amount of time for this busy Mama Bear! ♥️",5,8.4.28,2026-07-21T00:00:00.000Z
14324972618,Very easy to follow!,I haven’t worked out in years. Its an app that’s easy to use. Some things are free but to get the full advantage you would need to pay a fee.,5,8.4.27,2026-07-20T00:00:00.000Z
14324253567,Not bad,You have to pay to feel proud and I don’t like that,2,8.4.27,2026-07-19T00:00:00.000Z
14322864027,Updates,"Loved this app, paid for it. Sadly it gets worse with every update.",2,8.4.27,2026-07-19T00:00:00.000Z
14320776504,THIS APP IS STUPID DONT RECOMMEND,"Okay so I read all the reviews and naturally I thought it would be a good app so I downloaded it and I logged in and everything and when I tried to click to do an exercise, all would pop up is like premium something basically that I had to pay and it did that for everything I tried to do and literally didn’t even get single exercise in. This app is so stupid. I don’t recommend. Please don’t download this and waste your time like I did.",1,8.4.27,2026-07-19T00:00:00.000Z
14314433809,Quality Declining,I’ve been using this app since 2018. I used to really love it. Every workout was free (without ads) and there was a lot to choose from. In the past couple months they’ve put everything behind a paywall and randomly during my workouts the app redirects me to Shein’s website. This is extremely disappointing.,1,8.4.27,2026-07-17T00:00:00.000Z
14312293284,Really good app,This app is the best. I definitely recommend to people who want to start. Work out It’s really good. And it helped loose weight. It was really good.👍👍👍👍👍👍,5,8.4.26,2026-07-17T00:00:00.000Z
14308859067,Download right now,Love it,5,8.4.27,2026-07-16T00:00:00.000Z
14307471563,Love This App,Finally I’m motivated!!! Daily!!!,5,8.4.26,2026-07-15T00:00:00.000Z
14306466803,No longer free????,"I’ve been using and loving this app for years. Now after recent update, it won’t let me do anything without a subscription. Still claims that you can use for free, so please fix this!!! Tried to contact and it said my email couldn’t be sent. Hoping they read these??",2,8.4.27,2026-07-15T00:00:00.000Z
14303029084,Paying,I’m not paying to workout that is stupid,3,8.4.27,2026-07-14T00:00:00.000Z
14297707993,Poor handling of informing people of their subscription and where to find out information about it,"Hi, I subscribed to what I thought was a year plan for 39.99 and a 6 day trial. It did not let me know before the trail was over so I couldn’t cancel it. I was going to keep it but then discovered that it was 39.99 per month not 39.99 for the entire year. This was very misleading. When I tried to go into your app to see my subscription detail I could not find it any where. I would like a refund of the money that was taken out of my account. And I have already cancelled my subscription",1,8.4.26,2026-07-13T00:00:00.000Z
14297668170,Perfect for in your 50’s,This is a great workout especially for women in their 50’s .,5,8.4.26,2026-07-13T00:00:00.000Z
14291852699,I cannot log into app,I paid for a year membership and I cannot log into the account because it says it does not exist. I’ve tried to message the company and it says my message seems like spam and my inquiry won’t be submitted. I’ve tried multiple ways to submit to bypass this with no luck. There is no way to contact them otherwise and now I have 8 months that’s I paid for left that I do not have access to and all I want is to be able to access the app. So now what…,1,8.4.26,2026-07-11T00:00:00.000Z
14290422468,Full Body Slim,Great App,5,8.4.26,2026-07-11T00:00:00.000Z
14286721683,capitalism ruined it,"i used this app back in 2023 to lose weight i downloaded it back in 2026 EVERYTHING requires money , everything is behind a paywall.. why make a app free if you’re gonna do mini in-app purchases for everything.",1,8.4.26,2026-07-10T00:00:00.000Z
14280991777,Crazy,It really doesn’t work,3,8.4.26,2026-07-09T00:00:00.000Z
14279948531,Deleted after years of use,"I used to LOVE this app. It allowed me to access work outs on my own time, in my own way. It was free forever, then recently required 90sec ads to do workouts, which was fine. All of a sudden I couldn’t access anything without paying an outrageous price. Apparently for them, money is more important than helping all people now. Used to be great, now is not at all.",1,8.4.26,2026-07-09T00:00:00.000Z
14277925854,The SHEIN ads are out of control,"While you’re working out, the app will close and the Shein website will open and this will happen multiple times without you prompting or touching your phone",1,8.4.25,2026-07-08T00:00:00.000Z
14276572019,Great workouts,I’m just starting and they have all types of exercises and all types of levels so u choose the one that’s best for you,5,8.4.25,2026-07-08T00:00:00.000Z
14276064361,Free trial wasn’t free,"I wanted to try the free trial, I was told in app that there would be no charge until the end of the free trial and you guys immediately charged me! Now there is just a charge pending and I can’t pay for it. I’d like the trial to be cancelled so I don’t get charged the 39.99! I’m broke as hell and this is just ruining my experience. I used to use this app for free all the time and now suddenly I HAVE to pay or use a free trial? This is very disheartening. Please cancel my trial and cancel the payment so I don’t get charged. Thanks. Also wanted to just contact support for this but kept getting flagged as “spam” so yeah.",1,8.4.26,2026-07-08T00:00:00.000Z
14275682276,Updates,"I’ve had this app for over five years now and I’ve loved them, but hate how they kept going from completely free to charging for everything now. Really great app but not paying for it.",4,8.4.26,2026-07-07T00:00:00.000Z
14275420028,Cost,I get it life is not easy you have to pay for stuff but really? Why does it have to cost money I want a workout im under 18 no job how do I pay? Still the question were understandable seemed like it was really gonna help,4,8.4.26,2026-07-07T00:00:00.000Z
14274175102,Nice,I love it,5,8.4.25,2026-07-07T00:00:00.000Z
14271423099,Very good!,"A very good app for motivation and everything, it’s fun to do for me at least, I love the warm ups and cool downs and demonstrations. Worth the money really.",5,8.4.25,2026-07-06T00:00:00.000Z
14270786563,"Started great, then locked up","The app allows you to access almost everything at the start, and then begins to restrict. I’ve had the app for over a year now and I am unable to do anything at all. I cannot do saved workouts or any other plan that I used to be able to access after watching over a minute of ads.",2,8.4.25,2026-07-06T00:00:00.000Z
14264918620,Idk,It made me pay after the first day and u didn’t like it,1,8.4.25,2026-07-05T00:00:00.000Z
14260733949,Maggie,It's ok,4,8.4.25,2026-07-04T00:00:00.000Z
14254614594,The best!!,This app has everything you need to get in shape and be healthy. Very easy to follow good music and great workouts. Highly recommended.,5,8.4.25,2026-07-02T00:00:00.000Z
14251432995,Very good app,I am really enjoying this app… lots of different options.,5,8.4.25,2026-07-01T00:00:00.000Z
14250373918,Love this app!,Finally found an app that fits my workout needs!,5,8.4.25,2026-07-01T00:00:00.000Z
14249980354,"Great app, downloads impossible","This app and the workouts are great. Even with a paid subscription, you cannot download. No help or steps from online searches help.",3,8.4.25,2026-07-01T00:00:00.000Z
14246967026,Cannot access paid subscription,I was logged out of the app recently and cannot log back in to access my workouts and benefits of my paid subscription,3,8.4.25,2026-06-30T00:00:00.000Z
14243194565,Nothing but paywalls,Is there anything that is free on this app anymore?? Even workouts I had previously saved now ask you to pay. Ridiculous,1,8.4.25,2026-06-30T00:00:00.000Z
14241644246,Great for beginners,I’ve been off and on with the Sweat app but it’s a lot of dedication from the start. Workout for Women from home and gym it’s great for beginners and it’s not killer or time consuming. I can fit 20 min or less anytime in between my schedule. Works out aren’t out of this world and one can sustain it for beginners. Def recommend!,5,8.4.25,2026-06-29T00:00:00.000Z
14229833137,"Good, but...",I LOVE this app. Great workouts for all ages. But... I am on the free version and there are a lot of things that I can't do without paying. Still has good options for the free version but please allow the free version to make me able to do more things.,4,8.4.25,2026-06-26T00:00:00.000Z
14227812994,Thank you,Im Liking the app so far thanks so Much!!!,5,8.4.25,2026-06-26T00:00:00.000Z
14225692756,￼So great,Short workouts perfect for anyday,5,8.4.25,2026-06-25T00:00:00.000Z
14222226181,Scam and expensive,Cancelled my subscription and then received not one but two charges in the same day totaling almost $100!!! Don’t do it! Not worth it.,1,8.4.25,2026-06-24T00:00:00.000Z
14221168828,Subscriptions,"The is a good workout app but the only thing that i don’t like is that it said it was giving me a free subscription because it was my first time using this app, i get the subscription and its charged me 30 dollars idk if i did something wrong but warning, just stick to the free version and don’t be scammed like me 😭",3,8.4.25,2026-06-24T00:00:00.000Z
14220597773,The Best Workout App in the World,"Update, June 24, 2026 - I’ve been using this app for a while and I like it even more than when I started. One of the rare and fantastic things about the workouts is that they are genuinely well thought out, really nicely put together. It seems a person sat down and thought this through and put the exercises in the right order and the most beneficial exercises. So, there are no surprises. The workouts do what they say they will do. Anyway, I do wish they’d put out some new PROGRAMS, though I’m sure at some point they will. ———- I am absolutely crazy about this app. It has everything, almost (no tai chi, yet). All types of exercises and yoga . . . Of various lengths. I am on a 30 day dumbbell program right now. The variety of exercises in that one program is amazing. I’ve never seen some of those moves. Also, doing a 7-minute workout in the morning; love those unique moves, too. Basically, you get this and you don’t need anything else. I downloaded dozens of workout apps and this is the one who stood out way, way above the others; nothing even compares. Totally love it!",5,8.4.24,2026-06-24T00:00:00.000Z
14217181753,Good but why subscription??!!😭,The app is good! I had it once before but I stopped using it then I started using again then bam u have to get a subscription on the 4th day. I don’t know why but I just hope it won’t happen again. Anyway besides that the app is pretty good. Though I do suggest getting younger ages below 18 because some girls who want to change and get a bit healthier in 6th grade or older can be a better version of themselves.,5,8.4.24,2026-06-23T00:00:00.000Z
14212862587,Subscription,Cancelled subscription and still got charged for it. No spot in app to manage no place on website either. Went to contact support and every time I hit submit it would say the request couldn’t be submitted because it’s spam. Don’t get app it not free it will make you sign up for a subscription and not let you cancel it.,1,8.4.24,2026-06-22T00:00:00.000Z
14210920635,Free Version So Frustrating,I do not care if I have to watch ads but what I do care about is if I get a pop up screen with no continuation option only advertising the paid version. The workout is available with ads yet the interface traps you with their predatory ads.,1,8.4.24,2026-06-21T00:00:00.000Z
14209021980,Great app,Love the variety of the workouts and being able to choose different programs,5,8.4.23,2026-06-21T00:00:00.000Z
14204125134,Free trial SCAM,"I downloaded this app yesterday and I wanted to try the 1-week free trial, but once I used the Apple Pay feature to subscribe to the free trial I was charged $29.99!? Dealing with my bank now to get my money back but it literally said I would not get charged until a week after.",1,8.4.24,2026-06-20T00:00:00.000Z
14203283136,My #1.,Life changing. <3,5,8.4.24,2026-06-20T00:00:00.000Z
14190183704,My opinio,It’s perfect,5,8.4.23,2026-06-16T00:00:00.000Z
14187519047,Kendall Serage WFW Review,"This workout app is probably the best option out there! It gives me so much motivation and excitement to get up and do the workouts in the morning. The best thing about it is that you can pick the type of workouts you want to focus on, whether it’s pilates, wall pilates, fitness, postpartum workouts, and more! Truly the best option.🫶🏻",5,8.4.23,2026-06-15T00:00:00.000Z
14185702009,Syn,I had a trouble with a few things but I really love this app and I definitely feel like I wanna do more!,4,8.4.23,2026-06-15T00:00:00.000Z
14174937162,Stupid,"It let me start my training on the ""free app"" but the second day it was making me have to pay to continue so I don't recommend getting it unless u have the money to waste on it if u do it's pretty great",1,8.4.23,2026-06-12T00:00:00.000Z
14174692818,Workout at home,Amazing,5,8.4.21,2026-06-12T00:00:00.000Z
14174457575,Easy to follow along,Love the easy every day consistency. The daily quotes help me with my mental health and keep me motivated.,5,8.4.21,2026-06-12T00:00:00.000Z
14167037105,I’m giving it five stars so you can see it,"It’s OK for the first day, but as soon as you hit the second day, it fires in your face, a bunch of different ads to get their premium, which you have to pay for and you can’t get to the without paying",5,8.4.22,2026-06-10T00:00:00.000Z
14166078145,🧐🧐🧐🧐🧐🧐,You told me a free trial for a week and the charged me $19.99 right away. What can I do?!,1,8.4.21,2026-06-10T00:00:00.000Z
14165948645,They say is free but they charge you,They offer a free week then when you accept they charge you. Also doesn’t let you use the free part of the app anymore. Very disappointed I used to love this app,1,8.4.21,2026-06-10T00:00:00.000Z
14163546305,Great app!,"I started using this app when I was in the Marines and am now using it postpartum! I still love it! I have purchased the membership a couple times with breaks in between. So I like how convenient it is to be able to take a break. No match for an expensive gym membership. I prefer this for its simplicity and motivational content. I can work around my babies naps now that I’m almost a year postpartum. I’m also easing my body back into movement by doing the postpartum recovery plan! There’s so many options. And I have a bad back and knee problem, along with shoulder issues too. Just need to listen to your body. Check it out!!",5,8.4.21,2026-06-09T00:00:00.000Z
14162328271,No longer free bummer,"I used this app for years and it’s no longer free, you have to pay monthly or yearly",2,8.4.21,2026-06-09T00:00:00.000Z
14160080073,AMack91,Great app for working at your own pace. It really helped me tone and lose weight. Plenty workout outs and exercises too. I took away two stars because I used this app a lot when most of the exercise routines were free. Now everything I click on they want you to subscribe and that sucks,3,8.4.21,2026-06-08T00:00:00.000Z
14157097193,Horrible,Horrible wouldn’t let me cancel my subscription,1,8.4.21,2026-06-08T00:00:00.000Z
14152184353,No longer free with ads,Paywall to use what a disapppointment once you have reached “free access limit”,1,8.4.21,2026-06-06T00:00:00.000Z
14149160522,Great app.,This is a beautiful app. It’s amazing. I got this app last year in October. And I already lost 80 pounds I recommend this app a lot.,5,8.4.21,2026-06-06T00:00:00.000Z
14148499373,Workouts,Really gets you sweating and pumped great for any exercise!!,4,8.4.21,2026-06-05T00:00:00.000Z
14147454883,Awesome and Great Experience!,My first initial thought was this was just gonna be any other workout app I’ve downloaded before but it actually wasn’t the case at all! I really liked it overall and just the app itself is very helpful and easygoing. I liked how consistent the app is whenever it is time to get that daily workout in and how easy it is to customize and navigate your way through. The app is I would say easy to use especially for beginners because I was a beginner myself. I would recommend having more workout or exercise options though.,5,8.4.21,2026-06-05T00:00:00.000Z
14144994589,Very good overall,Very good overall but I was looking for a workout plan that was free and I didn’t have to pay so if they could that you had to pay for the 2nd training session that’ll be great,4,8.4.21,2026-06-05T00:00:00.000Z
14144426555,Audrey’s review,I think it’s great but I hate that we have to pay just to work out when we already have a lot to do like pay bills and extra but everything else is great,5,8.4.21,2026-06-04T00:00:00.000Z
14144153169,I shouldn’t have to pay!!!😤😡,I shouldn’t have to pay for this app because I’m not wasting money for an app that i am going to end up deleting when I reach my goal and it’s a waste of of money.,3,8.4.21,2026-06-04T00:00:00.000Z
14140886742,now you have to pay,"i really enjoyed this app in the past, the workouts were great! downloaded it again to use it, now you have to pay. ugh.",4,8.4.21,2026-06-03T00:00:00.000Z
14138797995,Not Free (239.88 YEARLY),I only got to do one session for free. Now it wants me to pay for a subscription. The ‘deal’ I was given was 12 Months for 29.99. (84% Off) The Non-Discounted Monthly Payment is 19.99. So yearly it’ll be around 239.88 after your deal gets dropped. Ridiculous.,1,8.4.21,2026-06-03T00:00:00.000Z
14132101956,$$$,I currently can’t afford to pay the monthly fee for the better experience this app will give me. I wish they made it completely free. While I do understand this is somebody’s income I believe there could have been other ways in the app they could have added a price tag that wouldn’t be so restricting for the free users.,3,8.4.20,2026-06-01T00:00:00.000Z
14131609157,Lack of Transparency,"My app updated and I no longer have access to Free with Ads. Though the free option with ads is shown when they promote the subscription, there’s actually no where to choose that option. You are only given the options of paying yearly or monthly. This lack of transparency is now making me lose my free access while also trying to force me to pay for this app. Have had this app for years and it truly has turned awful.",1,8.4.20,2026-06-01T00:00:00.000Z
14131519821,Keeps redirecting to SHEIN,"I love this app and have used it for years. For whatever reason, I was redirected to the SHEIN website three times during a recent workout. Thought this was a one off but it keeps happening. Please fix!",2,8.4.20,2026-06-01T00:00:00.000Z
14129030368,Finally healthy,Never felt better,5,8.4.20,2026-05-31T00:00:00.000Z
14120966795,So,I’m so happy about this app I love it so so much like wow so good I just feel so happy and good about myself just wow,5,8.4.20,2026-05-29T00:00:00.000Z
14120377531,"Simply great, plus comments","I love this app. So convenient, and helps me just get to the exercise without having to do any research or get distracted by other things (which happens when I go on YT for routines). I exercise with way more variety and frequency because of it. As someone who is trying to get back into running after a long hiatus, it is very helpful for strength/cross training. Plus there are so many options! I have favorites, but also just the daily or randomly choosing another routine keeps it fresh. My only comment is that I wish there were some more options for the sound indicators. The voice and bell are fine, but it would be great to have something less wordy or just different, more subtle sounds. I often listen to my own music or podcasts while I do the workouts and I would love some auditory ques that weren’t so distracting.",5,8.4.20,2026-05-29T00:00:00.000Z
14118161162,Lame,It has a nice layer on how they give you the workouts and how it displays what you have to do before you start. The only downside is that you have to have the subscription to do anything basically.,3,8.4.20,2026-05-29T00:00:00.000Z
14115538096,The Best Thing my Phone Has Done For Me,I bought one year subscription back in October of 2025. I have consistently done my program 2x per week since and I have completely transformed my body composition. I have also gotten a few others onto this bandwagon and they’re loving the app as well.,5,8.4.20,2026-05-28T00:00:00.000Z
14112093902,Awesome!,Such an amazing app!! Love it!!,5,8.4.20,2026-05-27T00:00:00.000Z
14106505610,Ok app,An ok app but why do I have to pay if there helping me,2,8.4.20,2026-05-26T00:00:00.000Z
14106038479,Money grab,The app may be free to download but there is little to no workouts now that you can do for free. I’ve had this app for a long time and have recently gotten back into it only to be rejected at every turn. I just clicked about 7 different options in a row and every time a pop up would appear stating that I’d have to have a paid plan to use any of them. This even included previously free workout that i had done and added to favorites in the past. Don’t waste your time with this app.,1,8.4.20,2026-05-25T00:00:00.000Z
14102393036,Charged Before Expected Trial Ended,I signed up for this app because it advertised a fee trial. I was charged the same day I signed up and wasn’t given the advertised 3 days free. I tried contacting the company via email and no response. I tried to request a refund with Apple and they denied it. Very disappointed by the lack of support and misleading free trial terms. Don’t trust this app.,1,8.4.20,2026-05-24T00:00:00.000Z
14097785677,Connect to apple watch plz!!,I recently got the app and so far so good my only thing is i wished i could connect it to my watch so that i counts the calories i burned instead of just doing it manually. But i would recommend the app and ill right an update in a couple of months with progress!!,4,8.4.20,2026-05-23T00:00:00.000Z
14093572787,Amazing,It was amazing I’ve never felt this alive and I love the music that they put it’s so motivating!!,5,8.4.20,2026-05-22T00:00:00.000Z
14092968923,money money money,used to be an amazing app but now u need premium for every feature… such a let down,1,8.4.20,2026-05-22T00:00:00.000Z
14091014984,Yay,Great for workouts and I really enjoy it,4,8.4.20,2026-05-21T00:00:00.000Z
14089758865,Reps instead of timer,I wish there was a way you could have it switch to reps instead of having a timer for each exercise,4,8.4.20,2026-05-21T00:00:00.000Z
14084762698,Fan,Best app for daily workout ❤️,5,8.4.20,2026-05-20T00:00:00.000Z
14083421546,Lies,Worst app ever it’s says free but charges me on the second day,1,8.4.20,2026-05-19T00:00:00.000Z
14082318224,Don’t download unless you wanna pay,"I remembered using this app when I was in middle school and decided to try it again to help with some health problems I have. Just about everything now requires a subscription. SOME things you can watch an ad to gain access to, but not all. I tried some of the stretch routines and they aren’t even really stretches half the time. Same for the yoga. Targeted workouts are a hit or miss. Don’t trust the personal plan either!! They let you try it, but you gotta pay for that too in the end.",2,8.4.20,2026-05-19T00:00:00.000Z
14082191991,Muy buena,Me encanta lo noto el cambio u le veo mucho mejor,5,8.4.20,2026-05-19T00:00:00.000Z
14080367347,Not what it used to be,"I’ve used this app for YEARS and recently there have been changes that almost force you to purchase a subscription. It used to be accessible without added fees, but now you have to watch ads that are difficult to click out of and are blocked off from most of the app unless you pay.",2,8.4.20,2026-05-19T00:00:00.000Z
14080128210,Forced me to buy premium,I really thought this was amazing till my second workout and it didn’t let me do it without buying the premium subscription so that ruined it :(,2,8.4.20,2026-05-18T00:00:00.000Z
14069630313,Perfect,Really nice app for workout,5,8.4.20,2026-05-16T00:00:00.000Z
14069512069,used to be better,"i’ve had this app for a while, and i still really like it. i’ll admit i pay for the features so i don’t get ads, however, it is slowly turning into ai slop. many of the newer daily workouts are the same things over and over. the daily habit stretch is just a workout, not stretches. a lot of the better stuff is all older material.",3,8.4.20,2026-05-16T00:00:00.000Z
14068643912,No longer free,I used to love this app. I used it for 7 years. It used to be totally free without ads. Then they made some stuff subscription based. Then some stuff you could still get with ads. And now you can’t get anything without a subscription. Such a waste the way it changed,1,8.4.20,2026-05-15T00:00:00.000Z
14068405359,Perfect,"So far it’s amazing and the work outs are better than I could have imagined. I love the different variations and added “spice/movements” they’ve added to main exercises we all know from working out prior to this app. They give you more bang for your buck especially in endurance and mobility, plus your body warms up perfectly with no stress added to joints or anything else that could cause injury during your workout. 🦄🦄🦄🤓",5,8.4.20,2026-05-15T00:00:00.000Z
14067629732,"Love it, but…","This app has been a huge help keeping me focused and motivated to workout right from home. It’s convenient and easy to follow. So many options for what your goals are. Only downside is there is a lack of pregnancy safe strength training, mobility and flexibility workouts. There are stretches and postpartum workouts, but not much for during the pregnancy. Much less for breakdowns of the different trimesters. Considering this is a women’s fitness app, I believe there should be more resources for the pregnancy stage that keep mom healthy and baby safe. Please consider for a near future update.",4,8.4.20,2026-05-15T00:00:00.000Z
14063791891,No longer a free workout app,"Used for years and loved the workout history feature, but lately more and more workouts required the premium subscription, and now since the beginning of may all of them require the subscription.",1,8.4.20,2026-05-14T00:00:00.000Z
14059405762,Dede,I’m getting better!,5,8.4.20,2026-05-13T00:00:00.000Z
14056559833,Ms,Great app with easy to follow workouts.,5,8.4.20,2026-05-12T00:00:00.000Z
14049679603,Why is there such a string focus on losing weight?,"I used to use this app for a while and it worked okay, but stopped working out and tried to redownload it. Why. Is. There. Such. A. Strong. Emphasis. On. Weight. Loss!? You can’t even log in and use the app without setting a weight loss goal! Every single exercise comes with a note on how much weight you’ll lose. I understand it’s useful if you ARE trying to lose weight, but the app SPECIFICALLY ASKS what your goals are (disappointed to find out that increasing flexibility wasn’t an option, but I guess it’s a little niche) and never once did I include weight loss. I think it’s toxic (and this is more critique of diet culture as whole rather than the app itself) to assume every goddamn person tying to stay fit is trying to lose weight. I just want to be healthy, not feel pressured into losing weight when I’m already at a healthy one. And, in the end, I don’t particularly care too much, I just deleted the app again, but what about the teenagers using this app? (There is a specific option when you log in to state you are under 18.) I don’t think it’s healthy to subject teenagers to that constant pressure, or worse, someone who has already struggled with EDs or an obsession with weight loss/appearance. It’s one thing for the option to be there, in fact, I think it’s great for those who need or want it, but the way that this is constantly shoved down your throat is ridiculous. The creators are (or at should be) fully aware that losing weight isn’t the only reason to work out, so why don’t they act like it?",3,8.4.20,2026-05-10T00:00:00.000Z
14048939271,No longer free,great app but only for financially stable women.Every workout I select stated I need premium.This was not the case previously.,1,8.4.20,2026-05-10T00:00:00.000Z
14040014309,This app is definitely helping me to reach my goals!!!💖,I love this app so much I might even tel my friend’s Dow❤️,4,8.4.20,2026-05-08T00:00:00.000Z
14033191433,Can’t exit ads,This app punishes you for not paying with ads that are extremely hard to get out of. 90 sec ads for 7 minute workouts then another 30 sec figuring out how to exit the ad. Why not just be a paid app and stop pretending to be free.,1,8.4.20,2026-05-06T00:00:00.000Z
14032903734,Can’t access anything,"I had the app for a while before I had to delete it for storage space. I recently redownloaded it, and couldn’t access anything without the subscription, none of the workouts, not even the supposedly ‘free’ workouts. It’s a shame, this used to be my favorite fitness app, but not anymore.",1,8.4.20,2026-05-06T00:00:00.000Z
14029405319,User-friendly updates,"Loving the new updates, especially the option to connect third-party music apps to select our own music for workouts.",5,8.4.20,2026-05-05T00:00:00.000Z
14028794619,Very useful!,"This app customizes your workouts based off needs, age, weight, and any struggles that you face. It uses the information provided and gives you workouts suited for you. It starts and ends you with simple stretches to give you the warm up and cool down needed, making sure you stay safe and don’t get hurt. The workouts progressively get more difficult, but are enjoyable, making it difficult to even wish to quit. This app does wonders and fits many ages, even younger people who struggle to stay motivated! Highly recommended this!",5,8.4.20,2026-05-04T00:00:00.000Z
14028061237,It’s working!,I have only had this for a little while now but when I do the workouts I feel the progression I feel my body strengthening and I am confident about being able to maintain regular workouts. The workouts do feel a little stupid to do and I feel like I look stupid doing them but I am feeling and looking better day by day! The music that is provided is nice so I don’t have to overlap another app to play music (and you can skip songs) wish there was more of a variety of songs though. All things considered though I recommend this app to people who don’t feel comfortable going to the gym or can’t afford a trainer!,5,8.4.20,2026-05-04T00:00:00.000Z
14025441122,Great for people who have forgotten,I used to workout regularly in high school for sports and I’ve long since forgotten. It’s great because it shows you what to do and the workouts aren’t super long. They’re great for getting back in there,5,8.4.20,2026-05-03T00:00:00.000Z
14024349881,Amazing work out app,It is the best,5,8.4.20,2026-05-03T00:00:00.000Z
14024175667,It’s A Start,First 2 sessions complete. App layout is great. Shows you exactly what to do. Music is motivating. So far variety of exercises in the session are doable. I am 53 and pretty flexible just out of shape with the normal body ailments and 15 extra pounds so can’t do everything 100%. Have to modify some but it’s a good goal to work to.,5,8.4.20,2026-05-03T00:00:00.000Z
14019782684,Scam,"I wanted to try the free week trial, and it said- “pay nothing now”, but I got charged $52.99 instantly for the year when that option was not even highlighted. I can’t find any support email or contact to get this rectified. Anyone know how to rectify this?",1,8.4.20,2026-05-02T00:00:00.000Z
14015893167,The fine review,"I like this app a lot, but I really want my things be harder and some of the things that even if it’s up to all the way, it’s not that hard",4,8.4.20,2026-05-01T00:00:00.000Z
14013113694,"I loved it, but not anymore","I’ve been using this app for about 3 years, and I loved it. It was actually free with little to no annoying ads. I get it if they have to make you watch ads before each workout to make money, but they’re so excessively long, and hard to get out of. If you do it wrong, you have to watch the 90 sec long ad all over again. Not to mention, they limit your free use now. You can’t even use this app for free more than a few days without them making you pay. It’s no longer a free app, and it’s only gotten worse. This used to be my favorite workout app that actually worked for me, but I will no longer be using it.",2,8.4.20,2026-04-30T00:00:00.000Z
14011481445,Dream Big,Most useful app I’ve ever downloaded! Wide variety of workouts for every level. Ability to play your own music. Highly recommend for the average woman with a goal!,5,8.4.20,2026-04-30T00:00:00.000Z
14009152501,Excellent app,Excellent app,5,8.4.18,2026-04-29T00:00:00.000Z
14005886789,How to x out of ads?,I used to like this app but the unpaid version is impossible to use. How do you x out of ads? I have no idea.,1,8.4.20,2026-04-28T00:00:00.000Z
14002609717,Workout Routine,Exactly what I need. You can customize your routine. It shows you an actual person doing the workout with you while playing music and motivating you. Perfect for getting back into shape - makes me start my day feeling good!,5,8.4.20,2026-04-27T00:00:00.000Z
14002487042,Magnificent,The best work out app,5,8.4.20,2026-04-27T00:00:00.000Z
14000557160,Unable to access subscriptions,Unable to access paid subscription,1,8.4.20,2026-04-26T00:00:00.000Z
13993531700,Go back to being free,"Got this app because it was free, now you have to pay for a subscription to do the exercises. Go back to being free so I can do my exercises and I’m fine with the ads but I would love to not see the paying for a subscription every time I want to workout.",1,8.4.20,2026-04-24T00:00:00.000Z
13989602330,Not A Free App,It looks like it has amazing workout and choices for different people but you have to pay to subscribe.,3,8.4.19,2026-04-23T00:00:00.000Z
13981166164,helps,would recommend,5,8.4.18,2026-04-21T00:00:00.000Z
13981021357,Good,Job,5,8.4.18,2026-04-21T00:00:00.000Z
13979925966,Great workouts,Easy to cut in my schedule anytime,5,8.4.18,2026-04-21T00:00:00.000Z
13976452003,Can’t get out of ads,"They’ve hidden the X button so that when the 90s ad finishes, you can’t even get out of the ad without force closing the whole app. Been using this app since 2020. Been an avid user. Uninstalled today.",1,8.4.18,2026-04-19T00:00:00.000Z
13976010088,A busy business owner & mom’s favorite!,Perfect for business owner mom’s with little to no time. Just the push I need!,5,8.4.18,2026-04-19T00:00:00.000Z
13972381558,Misleading Free Trial!,I only signed up for the free trial TODAY and was charged at the moment for a monthly subscription I never wanted. This feels misleading and unfair.,1,8.4.18,2026-04-18T00:00:00.000Z
13962907165,It really works,I love it so much it helps me be healthy and athletic in our logistic being at home all day doing nothing,5,8.4.18,2026-04-16T00:00:00.000Z
13959060661,The best app,I thought this would be like the normal apps where they just really do random exercises but this one was different it actually made me work and I felt the burn. So overall I think this is the best app.,5,8.4.18,2026-04-15T00:00:00.000Z
13957620564,Women’s workout,"It is a great workout, not to intense for me. Just turned 60 Update I’m 61 and still love it. I'm 63 this time around love everything but the price ( used to be free). just saying I’m 63 now and need to get in shape. Now I’m 64 recently had total knee replacement. Today is my fourth straight day and I love it.",5,8.4.18,2026-04-14T00:00:00.000Z
13956940768,False claims of free trial,App falsely claims to have a free trial but was charged immediately. Apple Support will not refund the charge despite the app saying I was signing up for a free trial. Extremely unhappy with the situation.,1,8.4.18,2026-04-14T00:00:00.000Z
13955536302,The best!,Quick workouts that really get you moving!,5,8.4.18,2026-04-14T00:00:00.000Z
13955300410,Zoomer,This app helped me to start zooming again,5,8.4.18,2026-04-14T00:00:00.000Z
13953047839,Yoga,Day3,4,8.4.18,2026-04-13T00:00:00.000Z
13947381326,Love it,It’s great! Can be hard if it’s been a while. Very fast paced depending on what you choose. I been doing gym and nothing was working. This works! Moves look easy but they work for women! If you wanna lose weight or tone up at home this is a great app!,5,8.4.18,2026-04-11T00:00:00.000Z
13933475828,Love it,I love this app I just wished it showed how to do it more loved it though I recommend it,5,8.4.18,2026-04-07T00:00:00.000Z
13929492919,good app but ruining it with ads,i’ve always been off and on with this app for years and i kept coming back to it bc it offered good workouts for free with no ads and now you have to watch a 90 second ad before EVERY workout unless you’d rather pay for premium. paying for subscriptions isn’t something i can just afford so i’m personally extremely disappointed they decided to add ads to the app.,3,8.4.18,2026-04-06T00:00:00.000Z
13925669942,Not great anymore,Too many adds 90 seconds??? Too much.,2,8.4.18,2026-04-05T00:00:00.000Z
13919694872,Love this app,"When I retired I wanted to do nothing but quickly realized that’s not an option. You must move your 68 year old body. I do the daily 8 minute workout and it’s been a literal life saver. I’ve stretched the 8 minute work out to 35 minutes daily by adding my own program. I’m on the advanced level which took 7 months and I’ve lost 16 pounds and kept them off. I don’t do plank as it’s damaging to older wrists, elbows, shoulders and knees but that’s my only complaint. I’m grateful to have found this app.",5,8.4.18,2026-04-04T00:00:00.000Z
13918913454,it’s okish,the workouts are good but i don’t want to have to pay to do a workout or watch a ad,3,8.4.18,2026-04-03T00:00:00.000Z
13912139472,FIX THE ADS,Tbh I always loved this app and have used it for years but recently I actually deleted it a couple of times because of the add problem. I get it y’all wanna make money with no add subscriptions but to make it so we have to watch a three minute add before every. Single. Work out. Is completely unreasonable and very apparent and annoying it makes the whole app feel like a scam and a money grab. It becomes a huge de motivator and leads to me just exiting out of the whole app instead and doing a workout I already know.,2,8.4.18,2026-04-01T00:00:00.000Z
13910918951,Love it!,Awesome app! I’ve been with it over a year. It’s worth the money and you can either workout a little or workout more. The choice are great!,5,8.4.18,2026-04-01T00:00:00.000Z
13910608575,Fabulous app!,Recommend to all women.,1,8.4.18,2026-04-01T00:00:00.000Z
13909060569,I love it,I’m 12 and I have never found a app that actually makes you muscle feel strong and I’m glad it tells you when your most likely to reach your goal it gives me a drive to do it everyday even if I have school and I hope that I get close to my goal,5,8.4.18,2026-04-01T00:00:00.000Z
13907946825,Players,Excellent,5,8.4.18,2026-03-31T00:00:00.000Z
13906711712,Great workouts; data won’t load to new devices,"Love the workouts. Cheaper than a gym membership and worth it. Love that I can link Spotify. I do the daily plan and two reps of the daily 7. However, just got a new phone and none of the data loaded to my new device, even with my log in. I’ve lost a lot of tracked progress which sucks. Also got an Apple Watch series 11 and cannot figure out how to get the watch to register my work outs as exercise. Was using a series 3 and that worked fine. Can’t seem to confirm if there’s a compatibility issue. Google hasn’t helped. Anyway, starting at square one again. 😭",4,8.4.18,2026-03-31T00:00:00.000Z
13905659210,Do it,Get the app. Do what you can and you will see results.,5,8.4.18,2026-03-31T00:00:00.000Z
13905434959,0-5 do not recommend! I gave it five so you can see!!!,I wanted to be able to work out at home without having to come up with a routine so i downloaded this app. But every time i try to get my workout in it’s always buy premium or watch a 90 second add. This app in my opinion is a 0/5 stars and i do not recommend. Hope this helps you with making a decision for your fitness app or goals!,5,8.4.18,2026-03-31T00:00:00.000Z
13905365987,Not free,"Says it’s free, but it makes you go through a ton of steps, then gives you no way to continue without paying $40/yr.",1,8.4.18,2026-03-31T00:00:00.000Z
13903573997,AI slop now,"i was a paying member of this app for years and will not be using this app anymore. most of the workouts are just AI slop now. the work outs themselves are barely even work outs, the guiding voice is telling you to do one thing while the AI diagram is doing another. such a disappointment.",1,8.4.18,2026-03-30T00:00:00.000Z
13901553105,Actually helps,Price not bad,5,8.4.18,2026-03-29T00:00:00.000Z
13900643414,I’m loving it!,It is just enough time for me to exercise before work and the exercises are effective. I would like to continue with this app and I would hope there was more abs and abdominal work. That’s what I need.,5,8.4.18,2026-03-29T00:00:00.000Z
13899881752,Excellent work outs and accountability tools,This app is by far the best! Great workouts and user friendly interface. I highly recommended it,5,8.4.18,2026-03-29T00:00:00.000Z
13897645883,I’m going to go ahead to bed at five thirty because my phone was in a dead spot,I’m just going home and I’m just leaving my parents and I’m not even sure how I’m doing I have no money for gas so I’ll probably go get it from my dad or you knows if you’re not working tomorrow and I’ll go pick up some gas or you could’ve come get you if I get off the road or you know how you can go home if you’re going somewhere I can get it if not I’m sorry because you have no time I know you’re working I just have a hardest day to get off I have no idea how you feel and you have a good time,5,8.4.18,2026-03-28T00:00:00.000Z
13895486747,Perfect for quick workouts,"This app consistently provides short steady workouts, great for building a habit",5,8.4.18,2026-03-28T00:00:00.000Z
13892865924,Not the same; but works!,I used to be able to do the free workouts without ads. Now I’m forced to watch a 90s ad. I’m not opposed to that but it’s takes more than 90s to close them out. It seems like they are trying to trap you it downloading apps. Ugh!!!,3,8.4.18,2026-03-27T00:00:00.000Z
13891268384,Not free,After filling everything out you find out the app is not free. You only get 7 days free then have to pay. I downloaded this because it said it was free.,1,8.4.18,2026-03-27T00:00:00.000Z
13890767613,Best work out,Best workouts ever,5,8.4.18,2026-03-27T00:00:00.000Z
13886485616,No communication,Don’t get app! Rip off! You email them and they don’t get back to you ever!,1,8.4.18,2026-03-25T00:00:00.000Z
13885423263,Disappointing,I used to be able to work out after an ad now I can’t sad you guys had to ruin it to get ppl to pay subscription,1,8.4.18,2026-03-25T00:00:00.000Z
13883979369,Help - contact us emails not working,Can you access your paid subscription on your other devices. I normally used my iPhone but now I want to use my android tablet. Theres no login option on my tablet. It’s just asking me to resub. I’ve emailed for the last couple of days and noone is responding. Why is that? Can anyone help me?,3,8.4.18,2026-03-25T00:00:00.000Z
13881723052,Great option for quick workouts!,Love all the different choices.,5,8.4.16,2026-03-24T00:00:00.000Z
13873793973,Newbie,Perfect for me,5,8.4.17,2026-03-22T00:00:00.000Z
13870203972,I love it!,"there are so many things that I love about this app. One of them is that I could still utilize workouts, even though I didn’t pay for the premium and I love the fact that they have the seven minute workout I can squeeze that into any day. I only started working out on a regular basis this March and there are so many different unique exercises that can be done so if you don’t like one, you can just choose a different one to work the same area. I love how this is beginner, friendly, and they also have intermediate in advance workouts as well. only one note, I wish that you guys had YouTube music on there that we could choose from and then I might actually pay for the premium.",5,8.4.18,2026-03-21T00:00:00.000Z
13866732492,Amazing,It's the best workout app by far EXCEPT for every single workout u have to earn by watching a 90 second add but I lost 25 pounds in 3 months it's amazing,5,8.4.17,2026-03-20T00:00:00.000Z
13864056525,I was scared,I thought I was going to have to pay for it but it’s a good app and less benefits but still really good 😊,5,8.4.18,2026-03-19T00:00:00.000Z
13859338978,Juste formidable,👍👍👍👍👍,5,8.4.17,2026-03-17T00:00:00.000Z
13858827984,Not as good,App become bad after the ads. I stopped using it and found a better app.,5,8.4.17,2026-03-17T00:00:00.000Z
13856144745,No longer free??,"I’ve had this app for the longest for free. But I have a new phone now, and it won’t let me use the app without paying. Just the 7 day free trial? No longer actually free?",2,8.4.17,2026-03-17T00:00:00.000Z
13851071197,Love it,Ive shares this will all my friends and my mom! The workouts r great.I really like this app! Sometimes I don’t want to watch ppl on YouTube. And I like that if u get distracted u can easily pause. It keeps track of ur workout too which is great.,5,8.4.17,2026-03-15T00:00:00.000Z
